<?xml version="1.0" encoding="utf-8" standalone="yes"?><rss version="2.0" xmlns:atom="http://www.w3.org/2005/Atom"><channel><title>Categories on ZingSync</title><link>/categories/</link><description>Recent content in Categories on ZingSync</description><generator>Hugo -- gohugo.io</generator><language>en-us</language><lastBuildDate>Tue, 27 Aug 2024 00:00:00 +0000</lastBuildDate><atom:link href="/categories/index.xml" rel="self" type="application/rss+xml"/><item><title>Celeb</title><link>/categories/celeb/</link><pubDate>Tue, 27 Aug 2024 00:00:00 +0000</pubDate><guid>/categories/celeb/</guid><description/></item></channel></rss>